order_no,customer_id,sales_person_id,sales_person,product,price,vat,total_price,order_date,order_year,order_month_num,order_month_name
218163,928113,961911,Laura,Clothing,333,66.6,399.6,25/12/2018,2018,12,Dec
394298,291717,392262,Adele,Industrial,66,13.2,79.2,20/12/2018,2018,12,Dec
796021,615850,190135,Joe,Books,278,55.6,333.6,25/12/2018,2018,12,Dec
481104,121697,767217,John,Clothing,361,72.2,433.2,22/12/2018,2018,12,Dec
955203,75602,128380,John,Books,242,48.4,290.4,31/12/2018,2018,12,Dec
574810,522267,427840,Steve,Electronics,392,78.4,470.4,19/12/2018,2018,12,Dec
824596,158805,779301,Adele,Sports,378,75.6,453.6,06/12/2018,2018,12,Dec
424970,729134,817840,Laura,Sports,382,76.4,458.4,11/12/2018,2018,12,Dec
432229,458204,640509,Ekta,Movies,138,27.6,165.6,26/12/2018,2018,12,Dec
542259,26676,317593,Adele,Movies,256,51.2,307.2,21/12/2018,2018,12,Dec
792785,764525,643339,Joe,Clothing,484,96.8,580.8,25/12/2018,2018,12,Dec
798027,98726,966540,Joe,Movies,183,36.6,219.6,13/12/2018,2018,12,Dec
194419,429992,404529,Helen,Movies,442,88.4,530.4,02/12/2018,2018,12,Dec
900807,769208,387581,John,Electronics,138,27.6,165.6,19/12/2018,2018,12,Dec
636068,683129,590771,Joe,Home,27,5.4,32.4,19/12/2018,2018,12,Dec
719962,790253,870073,Ekta,Movies,176,35.2,211.2,21/12/2018,2018,12,Dec
347997,249960,756923,Adele,Movies,194,38.8,232.8,31/12/2018,2018,12,Dec
258716,795562,997669,John,Outdoors,378,75.6,453.6,22/12/2018,2018,12,Dec
329161,259344,500906,Joe,Industrial,86,17.2,103.2,15/12/2018,2018,12,Dec
675348,377479,212289,Ekta,Home,329,65.8,394.8,15/12/2018,2018,12,Dec
35350,649508,316011,Steve,Electronics,470,94,564,19/12/2018,2018,12,Dec
377006,182750,284849,Joe,Outdoors,255,51,306,06/12/2018,2018,12,Dec
604178,909828,744611,Laura,Sports,390,78,468,04/12/2018,2018,12,Dec
819825,732778,85835,Steve,Electronics,188,37.6,225.6,17/12/2018,2018,12,Dec
646753,514571,140828,Joe,Home,75,15,90,27/12/2018,2018,12,Dec
259488,607486,699911,Ekta,Movies,444,88.8,532.8,21/12/2018,2018,12,Dec
306122,662255,989972,John,Movies,208,41.6,249.6,02/12/2018,2018,12,Dec
908204,412847,670786,Adele,Computers,426,85.2,511.2,27/12/2018,2018,12,Dec
647705,535807,204309,Helen,Sports,26,5.2,31.2,09/12/2018,2018,12,Dec
551031,950403,428167,Helen,Computers,243,48.6,291.6,31/12/2018,2018,12,Dec
238394,605763,773452,Steve,Computers,193,38.6,231.6,13/12/2018,2018,12,Dec
455962,846182,138459,Laura,Books,174,34.8,208.8,03/12/2018,2018,12,Dec
536863,390551,502467,Helen,Computers,39,7.8,46.8,25/12/2018,2018,12,Dec
494655,998014,955656,Laura,Automotive,304,60.8,364.8,08/12/2018,2018,12,May
402214,184925,628775,Adele,Movies,297,59.4,356.4,20/12/2018,2018,12,Jun
441462,282151,881207,John,Clothing,281,56.2,337.2,15/12/2018,2018,12,Jul
608794,764740,722301,Helen,Music,466,93.2,559.2,20/12/2018,2018,12,Aug
861830,576212,887933,John,Movies,375,75,450,28/12/2018,2018,12,Sep
820947,11401,612434,Adele,Home,273,54.6,327.6,07/12/2018,2018,12,Oct
569811,214584,23262,Steve,Industrial,481,96.2,577.2,16/12/2018,2018,12,Nov
350486,139132,62925,Laura,Computers,49,9.8,58.8,08/12/2018,2018,12,Dec
63572,659577,941564,Ekta,Outdoors,247,49.4,296.4,25/12/2018,2018,12,Jan
750404,530054,99065,Steve,Movies,133,26.6,159.6,11/12/2018,2018,12,Feb
431815,926166,672356,Helen,Sports,76,15.2,91.2,21/12/2018,2018,12,Mar
753844,518462,448094,Joe,Outdoors,117,23.4,140.4,02/12/2018,2018,12,Apr
841440,921023,95548,John,Computers,26,5.2,31.2,28/12/2018,2018,12,May
399939,156717,528527,Laura,Books,456,91.2,547.2,10/12/2018,2018,12,Jun
882184,563521,437629,Adele,Home,29,5.8,34.8,12/12/2018,2018,12,Jul
42507,864329,333022,John,Industrial,189,37.8,226.8,03/12/2018,2018,12,Aug
884142,132198,140508,John,Movies,427,85.4,512.4,09/12/2018,2018,12,Sep
450673,834399,196550,Joe,Books,117,23.4,140.4,12/12/2018,2018,12,Oct
102689,600935,958548,Steve,Home,413,82.6,495.6,29/12/2018,2018,12,Nov
315364,622358,29445,Steve,Home,389,77.8,466.8,11/12/2018,2018,12,Dec
166997,162233,644019,Laura,Books,353,70.6,423.6,18/12/2018,2018,12,Jan
92761,845720,376048,Joe,Home,412,82.4,494.4,24/12/2018,2018,12,Feb
798076,71909,894232,Adele,Industrial,123,24.6,147.6,19/12/2018,2018,12,Mar
996901,60158,202129,Adele,Home,39,7.8,46.8,18/12/2018,2018,12,Apr
963952,518738,911481,Steve,Automotive,96,19.2,115.2,30/12/2018,2018,12,May
394578,521473,856977,Adele,Outdoors,183,36.6,219.6,28/12/2018,2018,12,Jun
323281,81977,971025,Laura,Home,144,28.8,172.8,06/12/2018,2018,12,Jul
871304,325327,455043,Joe,Movies,124,24.8,148.8,13/12/2018,2018,12,Aug
156084,951571,401812,Helen,Clothing,303,60.6,363.6,12/12/2018,2018,12,Sep
824421,965075,646844,Ekta,Outdoors,352,70.4,422.4,25/12/2018,2018,12,Oct
937880,422606,660849,Helen,Outdoors,197,39.4,236.4,24/12/2018,2018,12,Nov
939186,26399,681340,Ekta,Movies,146,29.2,175.2,24/12/2018,2018,12,Dec
286908,857168,520158,Helen,Movies,95,19,114,31/12/2018,2018,12,Jan
461625,612207,84275,Helen,Music,29,5.8,34.8,19/12/2018,2018,12,Feb
371395,524626,971365,Ekta,Clothing,211,42.2,253.2,02/12/2018,2018,12,Mar
374514,127003,957311,Adele,Home,419,83.8,502.8,09/12/2018,2018,12,Apr
226982,157653,894163,Helen,Movies,145,29,174,01/12/2018,2018,12,May
571913,752076,704541,Laura,Home,65,13,78,29/12/2018,2018,12,Jun
605192,550795,992253,Ekta,Sports,469,93.8,562.8,15/11/2018,2018,11,Nov
765076,326969,695390,Steve,Home,397,79.4,476.4,22/11/2018,2018,11,Nov
309392,734446,157051,John,Music,328,65.6,393.6,20/11/2018,2018,11,Nov
843936,158271,709939,Ekta,Books,150,30,180,23/11/2018,2018,11,Nov
572332,342875,922340,Helen,Industrial,433,86.6,519.6,17/11/2018,2018,11,Nov
887958,499775,60753,John,Industrial,23,4.6,27.6,14/11/2018,2018,11,Nov
842430,619925,42840,Adele,Books,20,4,24,29/11/2018,2018,11,Nov
235233,207708,746372,Ekta,Movies,396,79.2,475.2,12/11/2018,2018,11,Nov
570602,224266,46115,Joe,Computers,172,34.4,206.4,03/11/2018,2018,11,Nov
657851,546897,697031,Ekta,Books,218,43.6,261.6,23/11/2018,2018,11,Nov
804043,499054,549456,John,Automotive,108,21.6,129.6,12/11/2018,2018,11,Nov
412088,860255,322604,Joe,Industrial,35,7,42,01/11/2018,2018,11,Nov
835493,445639,54695,Steve,Industrial,189,37.8,226.8,20/11/2018,2018,11,Nov
731145,754553,825714,John,Movies,472,94.4,566.4,21/11/2018,2018,11,Nov
945127,629705,631601,Steve,Movies,343,68.6,411.6,17/11/2018,2018,11,Nov
788550,800476,138515,Ekta,Electronics,327,65.4,392.4,18/11/2018,2018,11,Nov
456450,717864,453207,Laura,Sports,463,92.6,555.6,10/11/2018,2018,11,Nov
782823,54494,739284,Adele,Sports,389,77.8,466.8,27/11/2018,2018,11,Nov
710566,138524,961755,John,Books,190,38,228,27/11/2018,2018,11,Nov
452907,369860,216896,Ekta,Electronics,493,98.6,591.6,04/11/2018,2018,11,Nov
283733,21003,816753,Joe,Outdoors,491,98.2,589.2,11/11/2018,2018,11,Nov
722925,586623,753796,Ekta,Outdoors,318,63.6,381.6,03/11/2018,2018,11,Nov
463785,443107,511384,Joe,Sports,163,32.6,195.6,19/11/2018,2018,11,Nov
817969,663842,205664,Joe,Outdoors,31,6.2,37.2,17/11/2018,2018,11,Nov
270000,165177,598439,Ekta,Sports,291,58.2,349.2,11/11/2018,2018,11,Nov
751115,407081,854451,Laura,Sports,240,48,288,20/11/2018,2018,11,Nov
651269,729101,36632,Adele,Movies,54,10.8,64.8,18/11/2018,2018,11,Nov
876798,987363,118194,John,Outdoors,181,36.2,217.2,29/11/2018,2018,11,Nov
658958,235715,522691,John,Clothing,449,89.8,538.8,04/11/2018,2018,11,Nov
739967,522723,304764,Adele,Automotive,49,9.8,58.8,17/11/2018,2018,11,Nov
607329,575607,116165,Helen,Movies,79,15.8,94.8,06/11/2018,2018,11,Nov
934942,358214,710509,Adele,Outdoors,248,49.6,297.6,28/11/2018,2018,11,Nov
574914,992100,731754,Joe,Sports,271,54.2,325.2,22/11/2018,2018,11,Nov
702267,403405,826498,Adele,Outdoors,496,99.2,595.2,30/11/2018,2018,11,Nov
256092,271045,993148,Laura,Movies,118,23.6,141.6,21/11/2018,2018,11,Nov
192541,79922,628952,Steve,Books,415,83,498,14/11/2018,2018,11,Nov
542841,946224,722512,Ekta,Books,497,99.4,596.4,07/11/2018,2018,11,Nov
543866,261370,179879,Laura,Electronics,279,55.8,334.8,23/11/2018,2018,11,Nov
774635,665703,624008,Joe,Automotive,446,89.2,535.2,26/11/2018,2018,11,Nov
632489,381140,857120,Adele,Computers,449,89.8,538.8,24/11/2018,2018,11,Nov
711574,624443,758321,Joe,Electronics,374,74.8,448.8,09/11/2018,2018,11,Nov
686862,826289,902848,John,Sports,296,59.2,355.2,30/11/2018,2018,11,Nov
206402,235697,935009,Joe,Clothing,207,41.4,248.4,17/11/2018,2018,11,Nov
364967,774954,200075,Ekta,Clothing,35,7,42,11/11/2018,2018,11,Nov
641803,404588,402606,Adele,Clothing,91,18.2,109.2,27/11/2018,2018,11,Nov
904749,751848,666269,Joe,Electronics,78,15.6,93.6,12/11/2018,2018,11,Nov
82575,751270,841948,Helen,Sports,437,87.4,524.4,03/11/2018,2018,11,Nov
43730,687252,885941,Laura,Books,190,38,228,04/11/2018,2018,11,Nov
197853,937670,228871,Laura,Sports,389,77.8,466.8,23/11/2018,2018,11,Nov
335869,244943,21761,Steve,Outdoors,227,45.4,272.4,02/11/2018,2018,11,Nov
114959,47255,136143,Helen,Movies,461,92.2,553.2,12/11/2018,2018,11,Nov
237514,606435,162001,Helen,Books,349,69.8,418.8,24/11/2018,2018,11,Nov
496355,222931,803614,Helen,Clothing,487,97.4,584.4,03/11/2018,2018,11,Nov
847684,929050,47832,Laura,Sports,257,51.4,308.4,28/11/2018,2018,11,Nov
595901,838057,144956,Joe,Home,173,34.6,207.6,07/11/2018,2018,11,Nov
476727,108205,972030,Laura,Music,200,40,240,13/11/2018,2018,11,Nov
294657,335935,468476,Joe,Home,423,84.6,507.6,20/11/2018,2018,11,Nov
81131,165292,470922,John,Music,42,8.4,50.4,15/11/2018,2018,11,Nov
179511,56408,515016,Joe,Books,91,18.2,109.2,13/11/2018,2018,11,Nov
850772,963707,746130,Helen,Movies,63,12.6,75.6,04/11/2018,2018,11,Nov
566928,33901,181060,Steve,Home,497,99.4,596.4,11/11/2018,2018,11,Nov
143637,216599,491120,Steve,Sports,426,85.2,511.2,20/11/2018,2018,11,Nov
80523,352410,12239,Ekta,Home,59,11.8,70.8,23/11/2018,2018,11,Nov
510187,285194,375208,John,Home,49,9.8,58.8,10/11/2018,2018,11,Nov
401546,173041,869139,Adele,Music,367,73.4,440.4,15/11/2018,2018,11,Nov
366168,59708,427730,Joe,Books,265,53,318,23/11/2018,2018,11,Nov
327953,518945,896481,Joe,Computers,359,71.8,430.8,02/11/2018,2018,11,Nov
351784,672738,295601,Ekta,Electronics,209,41.8,250.8,27/10/2018,2018,10,Oct
604858,907939,90834,Joe,Computers,480,96,576,24/10/2018,2018,10,Oct
796278,18540,574781,Ekta,Computers,78,15.6,93.6,21/10/2018,2018,10,Oct
712102,175165,978352,John,Outdoors,231,46.2,277.2,03/10/2018,2018,10,Oct
111973,912222,163234,John,Industrial,260,52,312,07/10/2018,2018,10,Oct
429873,831101,999572,Ekta,Books,425,85,510,13/10/2018,2018,10,Oct
273727,374583,104400,Joe,Music,22,4.4,26.4,09/10/2018,2018,10,Oct
381241,190007,443885,Steve,Music,427,85.4,512.4,27/10/2018,2018,10,Oct
266847,812504,559028,Helen,Movies,439,87.8,526.8,27/10/2018,2018,10,Oct
919840,247185,810593,Steve,Sports,56,11.2,67.2,04/10/2018,2018,10,Oct
827653,54564,100300,Ekta,Home,439,87.8,526.8,26/10/2018,2018,10,Oct
994597,399553,200761,Joe,Automotive,356,71.2,427.2,10/10/2018,2018,10,Oct
473501,420443,933783,Adele,Automotive,475,95,570,05/10/2018,2018,10,Oct
150821,775140,810456,Ekta,Industrial,191,38.2,229.2,28/10/2018,2018,10,Oct
737675,457352,245845,Ekta,Computers,243,48.6,291.6,29/10/2018,2018,10,Oct
933899,398879,528809,Joe,Books,262,52.4,314.4,14/10/2018,2018,10,Oct
757831,994070,200520,Ekta,Home,425,85,510,11/10/2018,2018,10,Oct
834313,437215,612648,Helen,Industrial,342,68.4,410.4,15/10/2018,2018,10,Oct
728877,743955,341050,Laura,Computers,305,61,366,06/10/2018,2018,10,Oct
424001,285810,675355,Laura,Books,202,40.4,242.4,26/10/2018,2018,10,Oct
333757,278818,865894,Ekta,Outdoors,494,98.8,592.8,28/10/2018,2018,10,Oct
575697,217531,489933,Laura,Sports,437,87.4,524.4,16/10/2018,2018,10,Oct
21371,658819,940871,Steve,Music,149,29.8,178.8,27/10/2018,2018,10,Oct
821647,128467,363094,Joe,Industrial,391,78.2,469.2,05/10/2018,2018,10,Oct
585170,476904,410059,Joe,Music,255,51,306,25/10/2018,2018,10,Oct
766747,513069,907176,John,Computers,238,47.6,285.6,15/10/2018,2018,10,Oct
698955,104624,408122,Ekta,Electronics,233,46.6,279.6,03/10/2018,2018,10,Oct
915770,591026,811512,Helen,Computers,114,22.8,136.8,16/10/2018,2018,10,Oct
423173,352955,83190,Ekta,Electronics,421,84.2,505.2,07/10/2018,2018,10,Oct
666486,338997,303579,Steve,Automotive,491,98.2,589.2,21/10/2018,2018,10,Oct
351284,986197,973612,Laura,Movies,245,49,294,02/10/2018,2018,10,Oct
122974,283836,830876,Steve,Electronics,318,63.6,381.6,28/10/2018,2018,10,Oct
795203,779425,938086,Steve,Outdoors,51,10.2,61.2,10/10/2018,2018,10,Oct
895412,677176,759442,Joe,Music,164,32.8,196.8,20/10/2018,2018,10,Oct
41154,102680,847480,Helen,Sports,359,71.8,430.8,28/10/2018,2018,10,Oct
831253,911118,546855,Adele,Automotive,372,74.4,446.4,28/10/2018,2018,10,Oct
50255,66815,98720,Adele,Movies,281,56.2,337.2,25/10/2018,2018,10,Oct
756780,316043,345237,Joe,Sports,154,30.8,184.8,19/10/2018,2018,10,Oct
43742,91344,254017,Adele,Clothing,317,63.4,380.4,16/10/2018,2018,10,Oct
588588,695995,929632,Joe,Industrial,396,79.2,475.2,20/10/2018,2018,10,Oct
19632,722208,19619,Laura,Automotive,109,21.8,130.8,24/10/2018,2018,10,Oct
306711,516700,484906,Joe,Computers,112,22.4,134.4,15/10/2018,2018,10,Oct
859055,559747,940239,Steve,Home,295,59,354,26/10/2018,2018,10,Oct
146786,450793,337523,Joe,Industrial,401,80.2,481.2,10/10/2018,2018,10,Oct
929130,762565,22075,Laura,Industrial,25,5,30,02/10/2018,2018,10,Oct
731399,452231,156926,Laura,Automotive,491,98.2,589.2,27/10/2018,2018,10,Oct
427395,362572,394489,Helen,Computers,209,41.8,250.8,18/10/2018,2018,10,Oct
510058,989862,604859,Steve,Books,331,66.2,397.2,26/10/2018,2018,10,Oct
682947,628296,751904,Helen,Computers,205,41,246,16/10/2018,2018,10,Oct
140255,394103,616452,Adele,Music,264,52.8,316.8,22/10/2018,2018,10,Oct
175878,61312,614592,Adele,Home,76,15.2,91.2,22/10/2018,2018,10,Oct
795640,516971,299286,Helen,Computers,386,77.2,463.2,09/10/2018,2018,10,Oct
541160,821480,840796,Adele,Music,306,61.2,367.2,31/10/2018,2018,10,Oct
148270,341390,574627,Steve,Movies,116,23.2,139.2,22/10/2018,2018,10,Oct
680862,360518,452256,Ekta,Books,36,7.2,43.2,08/10/2018,2018,10,Oct
795692,949448,552343,Helen,Music,326,65.2,391.2,21/10/2018,2018,10,Oct
677009,852563,797665,Steve,Sports,245,49,294,29/10/2018,2018,10,Oct
812138,664904,415498,Adele,Computers,475,95,570,26/10/2018,2018,10,Oct
795315,182997,265496,Adele,Automotive,428,85.6,513.6,09/10/2018,2018,10,Oct
202793,984178,449460,John,Books,222,44.4,266.4,02/09/2018,2018,9,Sep
25207,284825,268682,Steve,Computers,380,76,456,16/09/2018,2018,9,Sep
545944,721285,745729,Ekta,Books,470,94,564,06/09/2018,2018,9,Sep
610811,179003,90176,Steve,Computers,426,85.2,511.2,05/09/2018,2018,9,Sep
809786,148371,766232,Helen,Books,150,30,180,11/09/2018,2018,9,Sep
251597,76628,275357,Adele,Electronics,239,47.8,286.8,18/09/2018,2018,9,Sep
938820,36679,385783,Joe,Home,111,22.2,133.2,07/09/2018,2018,9,Sep
175947,494572,967220,Laura,Music,238,47.6,285.6,21/09/2018,2018,9,Sep
440570,430826,933437,John,Industrial,214,42.8,256.8,07/09/2018,2018,9,Sep
155740,78696,885716,Adele,Home,370,74,444,05/09/2018,2018,9,Sep
52305,826579,502669,Ekta,Music,309,61.8,370.8,19/09/2018,2018,9,Sep
987614,145846,360824,Ekta,Automotive,342,68.4,410.4,15/09/2018,2018,9,Sep
384554,809141,723335,Joe,Clothing,378,75.6,453.6,07/09/2018,2018,9,Sep
476471,386886,517128,Adele,Clothing,467,93.4,560.4,12/09/2018,2018,9,Sep
246845,892157,291248,Adele,Movies,79,15.8,94.8,16/09/2018,2018,9,Sep
458020,980659,858984,Laura,Clothing,455,91,546,05/09/2018,2018,9,Sep
326244,906282,386824,Helen,Movies,400,80,480,02/09/2018,2018,9,Sep
503703,114923,701190,Helen,Home,422,84.4,506.4,17/09/2018,2018,9,Sep
600693,379120,75833,Steve,Industrial,392,78.4,470.4,29/09/2018,2018,9,Sep
299223,668790,679009,Ekta,Electronics,183,36.6,219.6,16/09/2018,2018,9,Sep
29886,813642,692861,Adele,Home,264,52.8,316.8,23/09/2018,2018,9,Sep
402898,939318,484139,Ekta,Automotive,149,29.8,178.8,01/09/2018,2018,9,Sep
883988,416836,229738,Adele,Electronics,418,83.6,501.6,07/09/2018,2018,9,Sep
675377,178146,235272,Adele,Automotive,117,23.4,140.4,30/09/2018,2018,9,Sep
456801,351296,841920,John,Industrial,207,41.4,248.4,14/09/2018,2018,9,Sep
11780,687753,126965,John,Music,446,89.2,535.2,11/09/2018,2018,9,Sep
985728,808307,657546,Joe,Sports,76,15.2,91.2,01/09/2018,2018,9,Sep
978039,339678,792637,John,Books,37,7.4,44.4,12/09/2018,2018,9,Sep
67665,506083,118169,Adele,Movies,466,93.2,559.2,08/09/2018,2018,9,Sep
491458,198153,579420,Laura,Sports,273,54.6,327.6,21/09/2018,2018,9,Sep
692447,796104,221275,Adele,Music,25,5,30,22/09/2018,2018,9,Sep
340533,183080,842901,Helen,Movies,218,43.6,261.6,29/09/2018,2018,9,Sep
325785,578285,903183,Steve,Electronics,130,26,156,27/09/2018,2018,9,Sep
862457,101673,103549,Laura,Clothing,280,56,336,09/09/2018,2018,9,Sep
935828,673400,116439,John,Outdoors,308,61.6,369.6,25/09/2018,2018,9,Sep
433161,72271,78183,Steve,Computers,222,44.4,266.4,22/09/2018,2018,9,Sep
577595,351258,298914,Steve,Books,276,55.2,331.2,27/09/2018,2018,9,Sep
658168,637630,614292,Joe,Industrial,33,6.6,39.6,16/09/2018,2018,9,Sep
356888,945525,440584,Laura,Clothing,472,94.4,566.4,03/09/2018,2018,9,Sep
990808,453686,940234,Laura,Industrial,331,66.2,397.2,10/09/2018,2018,9,Sep
592976,565891,573167,John,Sports,234,46.8,280.8,28/09/2018,2018,9,Sep
276514,530239,57284,John,Music,141,28.2,169.2,01/09/2018,2018,9,Sep
473357,539973,506428,Adele,Books,171,34.2,205.2,25/09/2018,2018,9,Sep
428664,273637,82388,Ekta,Outdoors,209,41.8,250.8,10/09/2018,2018,9,Sep
103871,78627,114035,John,Music,295,59,354,12/09/2018,2018,9,Sep
494613,888793,253484,Laura,Home,117,23.4,140.4,04/09/2018,2018,9,Sep
596400,103781,535240,Helen,Computers,176,35.2,211.2,28/09/2018,2018,9,Sep
163436,533233,346116,Adele,Sports,104,20.8,124.8,09/09/2018,2018,9,Sep
364792,747717,173754,Joe,Automotive,393,78.6,471.6,15/09/2018,2018,9,Sep
410008,84792,185584,Helen,Home,286,57.2,343.2,09/09/2018,2018,9,Sep
431430,274726,548006,Steve,Electronics,115,23,138,11/09/2018,2018,9,Sep
703493,584049,854577,Ekta,Automotive,70,14,84,25/09/2018,2018,9,Sep
832064,723111,966158,Laura,Music,450,90,540,04/09/2018,2018,9,Sep
377500,515714,54990,Ekta,Home,334,66.8,400.8,25/09/2018,2018,9,Sep
671108,756105,692652,Ekta,Sports,393,78.6,471.6,10/09/2018,2018,9,Sep
979318,351828,197752,Steve,Sports,305,61,366,18/09/2018,2018,9,Sep
775239,764930,144371,Helen,Clothing,100,20,120,09/09/2018,2018,9,Sep
432134,120504,341368,Ekta,Outdoors,129,25.8,154.8,22/09/2018,2018,9,Sep
326801,567123,767798,Helen,Computers,251,50.2,301.2,29/09/2018,2018,9,Sep
812634,421016,917818,Helen,Computers,249,49.8,298.8,02/09/2018,2018,9,Sep
929450,716730,718875,Laura,Clothing,321,64.2,385.2,13/08/2018,2018,8,Aug
312167,130475,351948,Steve,Electronics,102,20.4,122.4,14/08/2018,2018,8,Aug
828230,241737,570423,Ekta,Home,266,53.2,319.2,04/08/2018,2018,8,Aug
240545,775083,414975,Joe,Industrial,495,99,594,08/08/2018,2018,8,Aug
620443,494130,500550,Adele,Music,64,12.8,76.8,08/08/2018,2018,8,Aug
485888,856732,807824,Adele,Electronics,337,67.4,404.4,27/08/2018,2018,8,Aug
103024,861309,583863,Ekta,Music,120,24,144,02/08/2018,2018,8,Aug
696314,697905,737622,Adele,Clothing,115,23,138,15/08/2018,2018,8,Aug
132512,589663,568505,Helen,Electronics,213,42.6,255.6,18/08/2018,2018,8,Aug
160449,973524,530360,Laura,Electronics,293,58.6,351.6,22/08/2018,2018,8,Aug
59857,50548,634373,Ekta,Computers,86,17.2,103.2,10/08/2018,2018,8,Aug
483421,787617,968131,Ekta,Clothing,166,33.2,199.2,12/08/2018,2018,8,Aug
130474,965641,748741,John,Home,276,55.2,331.2,29/08/2018,2018,8,Aug
407643,403043,620431,Joe,Clothing,434,86.8,520.8,17/08/2018,2018,8,Aug
42106,826966,132778,Joe,Books,61,12.2,73.2,26/08/2018,2018,8,Aug
384284,645872,836327,Joe,Automotive,210,42,252,07/08/2018,2018,8,Aug
815534,108890,13302,Laura,Automotive,246,49.2,295.2,03/08/2018,2018,8,Aug
469970,796527,352464,Ekta,Books,247,49.4,296.4,05/08/2018,2018,8,Aug
575766,682512,374772,Joe,Outdoors,174,34.8,208.8,27/08/2018,2018,8,Aug
488848,635486,884252,John,Outdoors,270,54,324,11/08/2018,2018,8,Aug
625681,765308,358985,John,Home,393,78.6,471.6,16/08/2018,2018,8,Aug
134172,269514,450307,John,Computers,108,21.6,129.6,08/08/2018,2018,8,Aug
688609,466654,552089,Joe,Books,179,35.8,214.8,10/08/2018,2018,8,Aug
715530,860460,489076,Steve,Home,73,14.6,87.6,07/08/2018,2018,8,Aug
270095,547949,77954,Helen,Sports,451,90.2,541.2,21/08/2018,2018,8,Aug
697920,991518,677785,Joe,Industrial,283,56.6,339.6,15/08/2018,2018,8,Aug
133295,511169,222060,Helen,Sports,340,68,408,06/08/2018,2018,8,Aug
112592,825334,722046,Ekta,Outdoors,372,74.4,446.4,02/08/2018,2018,8,Aug
428212,21121,932337,Ekta,Outdoors,460,92,552,28/08/2018,2018,8,Aug
880532,264258,849754,Joe,Electronics,398,79.6,477.6,25/08/2018,2018,8,Aug
802897,76239,584285,Steve,Computers,305,61,366,08/08/2018,2018,8,Aug
453464,152347,795696,Steve,Computers,65,13,78,18/08/2018,2018,8,Aug
260391,803317,218856,Joe,Books,213,42.6,255.6,05/08/2018,2018,8,Aug
170804,262529,365040,Adele,Music,430,86,516,27/08/2018,2018,8,Aug
602760,498016,691107,Laura,Computers,266,53.2,319.2,20/08/2018,2018,8,Aug
449850,269107,269045,Steve,Industrial,381,76.2,457.2,01/08/2018,2018,8,Aug
286513,995343,309325,Adele,Music,426,85.2,511.2,15/08/2018,2018,8,Aug
850169,362495,380092,Ekta,Books,370,74,444,17/08/2018,2018,8,Aug
985108,63822,585599,Laura,Music,184,36.8,220.8,01/08/2018,2018,8,Aug
489364,248353,266454,John,Outdoors,487,97.4,584.4,14/08/2018,2018,8,Aug
238397,342842,591885,Adele,Sports,192,38.4,230.4,17/08/2018,2018,8,Aug
14479,598191,737586,Laura,Computers,211,42.2,253.2,06/08/2018,2018,8,Aug
693601,90155,768926,Steve,Books,295,59,354,05/08/2018,2018,8,Aug
671076,526716,564112,Adele,Sports,216,43.2,259.2,07/08/2018,2018,8,Aug
347864,334636,225278,Laura,Industrial,338,67.6,405.6,12/08/2018,2018,8,Aug
181493,382016,663976,Steve,Music,185,37,222,06/08/2018,2018,8,Aug
881333,557222,868720,Joe,Sports,142,28.4,170.4,20/08/2018,2018,8,Aug
546303,670930,171951,Joe,Electronics,117,23.4,140.4,31/08/2018,2018,8,Aug
25843,986055,932014,Joe,Outdoors,266,53.2,319.2,21/08/2018,2018,8,Aug
614915,130451,949808,John,Automotive,313,62.6,375.6,04/08/2018,2018,8,Aug
800892,753072,303969,John,Clothing,430,86,516,26/08/2018,2018,8,Aug
93345,934139,782264,John,Home,122,24.4,146.4,31/08/2018,2018,8,Aug
783699,313430,118543,Helen,Books,195,39,234,10/08/2018,2018,8,Aug
868560,526319,364291,Ekta,Home,434,86.8,520.8,22/08/2018,2018,8,Aug
308982,764519,858002,John,Home,140,28,168,08/08/2018,2018,8,Aug
510449,275530,976261,Helen,Industrial,338,67.6,405.6,25/08/2018,2018,8,Aug
898705,649860,485439,Joe,Music,429,85.8,514.8,19/08/2018,2018,8,Aug
727733,909780,573344,John,Automotive,486,97.2,583.2,07/08/2018,2018,8,Aug
747042,728098,878959,Helen,Sports,24,4.8,28.8,18/08/2018,2018,8,Aug
450588,763157,502509,Adele,Music,326,65.2,391.2,22/08/2018,2018,8,Aug
886030,568875,616851,Adele,Industrial,44,8.8,52.8,08/08/2018,2018,8,Aug
586107,182939,818176,Joe,Outdoors,476,95.2,571.2,09/08/2018,2018,8,Aug
750425,503129,987403,Adele,Electronics,44,8.8,52.8,10/08/2018,2018,8,Aug
717039,536922,128582,Joe,Home,275,55,330,17/08/2018,2018,8,Aug
66893,800411,454076,John,Sports,34,6.8,40.8,13/08/2018,2018,8,Aug
924614,19267,766396,Joe,Music,417,83.4,500.4,22/08/2018,2018,8,Aug
684635,114085,108891,Helen,Books,150,30,180,28/08/2018,2018,8,Aug
50440,338585,372852,Laura,Books,323,64.6,387.6,03/08/2018,2018,8,Aug
292050,527358,283418,Laura,Sports,52,10.4,62.4,21/08/2018,2018,8,Aug
102045,735788,916995,Laura,Music,384,76.8,460.8,03/08/2018,2018,8,Aug
141944,399534,724294,Laura,Computers,230,46,276,27/08/2018,2018,8,Aug
825433,150554,261120,John,Industrial,226,45.2,271.2,08/08/2018,2018,8,Aug
921358,512312,77221,Steve,Home,215,43,258,30/08/2018,2018,8,Aug
749178,555303,836151,Adele,Sports,308,61.6,369.6,24/08/2018,2018,8,Aug
938824,890869,167054,Laura,Outdoors,357,71.4,428.4,21/07/2018,2018,7,Jul
843489,968084,36331,Ekta,Clothing,395,79,474,23/07/2018,2018,7,Jul
726491,253169,611182,John,Outdoors,54,10.8,64.8,31/07/2018,2018,7,Jul
476198,865542,81737,Adele,Clothing,377,75.4,452.4,18/07/2018,2018,7,Jul
436465,404299,198005,Steve,Books,355,71,426,27/07/2018,2018,7,Jul
527931,851567,632884,Steve,Books,428,85.6,513.6,12/07/2018,2018,7,Jul
76812,89490,232170,Steve,Books,470,94,564,17/07/2018,2018,7,Jul
61034,112602,464660,Laura,Books,223,44.6,267.6,07/07/2018,2018,7,Jul
156393,686895,532727,John,Outdoors,482,96.4,578.4,07/07/2018,2018,7,Jul
764713,887817,814100,Laura,Movies,235,47,282,09/07/2018,2018,7,Jul
418640,656859,678699,Laura,Industrial,349,69.8,418.8,12/07/2018,2018,7,Jul
404607,101890,909560,Helen,Music,112,22.4,134.4,07/07/2018,2018,7,Jul
823314,546982,429551,Joe,Outdoors,145,29,174,01/07/2018,2018,7,Jul
843730,951104,852893,Steve,Clothing,31,6.2,37.2,02/07/2018,2018,7,Jul
612885,853438,887685,Steve,Automotive,192,38.4,230.4,03/07/2018,2018,7,Jul
836179,64125,626942,John,Movies,125,25,150,17/07/2018,2018,7,Jul
600460,558735,146370,John,Clothing,47,9.4,56.4,21/07/2018,2018,7,Jul
745014,884831,270901,Steve,Books,111,22.2,133.2,23/07/2018,2018,7,Jul
441695,516682,800369,Steve,Industrial,341,68.2,409.2,24/07/2018,2018,7,Jul
375062,191214,26907,Helen,Industrial,408,81.6,489.6,02/07/2018,2018,7,Jul
734560,358925,23337,Adele,Electronics,251,50.2,301.2,13/07/2018,2018,7,Jul
987692,660167,314461,Steve,Outdoors,326,65.2,391.2,17/07/2018,2018,7,Jul
778561,380603,146440,Steve,Movies,491,98.2,589.2,06/07/2018,2018,7,Jul
430648,383837,238893,Helen,Industrial,143,28.6,171.6,04/07/2018,2018,7,Jul
606456,923065,815610,Helen,Outdoors,366,73.2,439.2,15/07/2018,2018,7,Jul
466098,597183,999916,Ekta,Electronics,129,25.8,154.8,23/07/2018,2018,7,Jul
464428,804371,936690,Ekta,Electronics,40,8,48,12/07/2018,2018,7,Jul
297662,575266,569288,Ekta,Books,119,23.8,142.8,17/07/2018,2018,7,Jul
912322,711057,228145,John,Music,439,87.8,526.8,05/07/2018,2018,7,Jul
213416,520220,731080,Ekta,Books,56,11.2,67.2,31/07/2018,2018,7,Jul
537956,32069,155638,Steve,Computers,228,45.6,273.6,03/07/2018,2018,7,Jul
301976,322709,106658,John,Clothing,411,82.2,493.2,27/07/2018,2018,7,Jul
212384,224047,414040,Joe,Electronics,67,13.4,80.4,14/07/2018,2018,7,Jul
775478,895847,216481,Helen,Sports,202,40.4,242.4,16/07/2018,2018,7,Jul
340166,761139,338938,John,Outdoors,140,28,168,10/07/2018,2018,7,Jul
977270,174862,89396,Laura,Movies,479,95.8,574.8,09/07/2018,2018,7,Jul
113874,838115,303113,Adele,Industrial,230,46,276,16/07/2018,2018,7,Jul
436905,135484,611739,Steve,Music,489,97.8,586.8,27/07/2018,2018,7,Jul
123531,894386,926608,Adele,Books,387,77.4,464.4,10/07/2018,2018,7,Jul
503948,965188,450534,Steve,Movies,206,41.2,247.2,31/07/2018,2018,7,Jul
507505,284763,683304,Steve,Movies,174,34.8,208.8,06/07/2018,2018,7,Jul
222652,473347,690595,Joe,Outdoors,172,34.4,206.4,29/07/2018,2018,7,Jul
638478,284363,88649,John,Home,416,83.2,499.2,04/07/2018,2018,7,Jul
256505,180219,137935,Laura,Clothing,410,82,492,23/07/2018,2018,7,Jul
362084,488256,28077,Adele,Home,228,45.6,273.6,26/07/2018,2018,7,Jul
328038,724268,845816,Joe,Home,417,83.4,500.4,24/07/2018,2018,7,Jul
633794,239123,214572,Adele,Home,498,99.6,597.6,18/07/2018,2018,7,Jul
194807,378474,167534,Steve,Clothing,43,8.6,51.6,27/07/2018,2018,7,Jul
508620,575955,547402,Adele,Music,298,59.6,357.6,22/07/2018,2018,7,Jul
992510,371257,840216,Laura,Industrial,77,15.4,92.4,18/07/2018,2018,7,Jul
413056,970091,156301,Steve,Computers,405,81,486,08/07/2018,2018,7,Jul
910207,792930,483689,John,Music,367,73.4,440.4,15/07/2018,2018,7,Jul
308072,348890,851164,Helen,Outdoors,39,7.8,46.8,07/07/2018,2018,7,Jul
902431,831917,744028,Ekta,Home,306,61.2,367.2,23/07/2018,2018,7,Jul
287892,568724,704255,Adele,Industrial,200,40,240,07/07/2018,2018,7,Jul
686160,299547,42975,Adele,Movies,323,64.6,387.6,26/07/2018,2018,7,Jul
120401,408397,538325,John,Clothing,204,40.8,244.8,26/07/2018,2018,7,Jul
482257,985758,312901,Steve,Sports,318,63.6,381.6,21/07/2018,2018,7,Jul
772543,529969,803319,Joe,Electronics,283,56.6,339.6,31/07/2018,2018,7,Jul
923801,835247,625424,Adele,Industrial,157,31.4,188.4,09/07/2018,2018,7,Jul
650569,682650,915992,Joe,Sports,300,60,360,22/07/2018,2018,7,Jul
146429,371605,804305,Laura,Electronics,267,53.4,320.4,09/07/2018,2018,7,Jul
27492,36673,483747,Ekta,Movies,251,50.2,301.2,30/07/2018,2018,7,Jul
772102,482699,394232,Helen,Movies,317,63.4,380.4,19/07/2018,2018,7,Jul
22950,655572,303110,Joe,Electronics,338,67.6,405.6,28/07/2018,2018,7,Jul
702959,838398,759334,Adele,Books,495,99,594,12/07/2018,2018,7,Jul
11500,108122,399135,Laura,Music,143,28.6,171.6,25/07/2018,2018,7,Jul
81722,606418,173610,Joe,Industrial,163,32.6,195.6,03/07/2018,2018,7,Jul
411493,323736,801674,John,Electronics,475,95,570,17/07/2018,2018,7,Jul
665493,909718,894776,John,Industrial,232,46.4,278.4,12/06/2018,2018,6,Jun
203529,146193,586801,Adele,Home,130,26,156,16/06/2018,2018,6,Jun
878918,231145,548503,Ekta,Automotive,215,43,258,23/06/2018,2018,6,Jun
445372,875773,945456,Joe,Music,140,28,168,06/06/2018,2018,6,Jun
501114,615794,441191,Joe,Outdoors,93,18.6,111.6,25/06/2018,2018,6,Jun
55776,623338,581031,Laura,Automotive,130,26,156,27/06/2018,2018,6,Jun
837037,220205,543709,Laura,Clothing,142,28.4,170.4,30/06/2018,2018,6,Jun
182573,636512,234623,Laura,Clothing,211,42.2,253.2,27/06/2018,2018,6,Jun
431476,134493,921234,Laura,Sports,44,8.8,52.8,18/06/2018,2018,6,Jun
785781,554343,201041,John,Electronics,219,43.8,262.8,21/06/2018,2018,6,Jun
580410,682490,664921,Joe,Clothing,131,26.2,157.2,12/06/2018,2018,6,Jun
193934,93710,623901,Joe,Electronics,99,19.8,118.8,21/06/2018,2018,6,Jun
979459,704492,749205,Adele,Books,154,30.8,184.8,09/06/2018,2018,6,Jun
324042,814600,544815,Steve,Automotive,499,99.8,598.8,16/06/2018,2018,6,Jun
414628,477788,95922,Joe,Movies,166,33.2,199.2,30/06/2018,2018,6,Jun
537227,140547,256249,Ekta,Sports,166,33.2,199.2,24/06/2018,2018,6,Jun
67781,232280,556066,John,Sports,302,60.4,362.4,22/06/2018,2018,6,Jun
87200,26024,44947,Laura,Movies,170,34,204,26/06/2018,2018,6,Jun
597520,378745,747567,Steve,Computers,272,54.4,326.4,28/06/2018,2018,6,Jun
25908,827234,56401,Adele,Electronics,392,78.4,470.4,21/06/2018,2018,6,Jun
832333,992177,433259,Laura,Automotive,226,45.2,271.2,13/06/2018,2018,6,Jun
867880,921867,366369,Ekta,Books,299,59.8,358.8,25/06/2018,2018,6,Jun
723896,383807,171720,John,Sports,267,53.4,320.4,18/06/2018,2018,6,Jun
182016,468465,877062,Joe,Outdoors,58,11.6,69.6,24/06/2018,2018,6,Jun
409117,25542,600008,Steve,Home,188,37.6,225.6,26/06/2018,2018,6,Jun
895741,876876,436275,Steve,Electronics,453,90.6,543.6,12/06/2018,2018,6,Jun
652221,416049,663039,Ekta,Movies,414,82.8,496.8,22/06/2018,2018,6,Jun
120130,116623,774485,Adele,Music,27,5.4,32.4,28/06/2018,2018,6,Jun
277537,161273,166073,Helen,Industrial,462,92.4,554.4,17/06/2018,2018,6,Jun
52466,888739,569290,Laura,Computers,82,16.4,98.4,21/06/2018,2018,6,Jun
889843,502592,771225,Ekta,Industrial,122,24.4,146.4,26/06/2018,2018,6,Jun
133413,703375,609162,Helen,Computers,327,65.4,392.4,18/06/2018,2018,6,Jun
86287,682583,781098,Joe,Automotive,418,83.6,501.6,27/06/2018,2018,6,Jun
759986,684481,655179,Joe,Automotive,120,24,144,15/06/2018,2018,6,Jun
359433,822609,906551,Joe,Home,470,94,564,05/06/2018,2018,6,Jun
327716,913971,430486,Helen,Outdoors,143,28.6,171.6,16/06/2018,2018,6,Jun
647411,617848,570714,Adele,Home,50,10,60,13/06/2018,2018,6,Jun
979772,498750,467342,Laura,Automotive,318,63.6,381.6,23/06/2018,2018,6,Jun
492433,155727,290205,Steve,Clothing,442,88.4,530.4,18/06/2018,2018,6,Jun
706565,233091,633761,Adele,Sports,458,91.6,549.6,04/06/2018,2018,6,Jun
978689,512925,634392,Helen,Movies,243,48.6,291.6,13/06/2018,2018,6,Jun
99508,481839,413963,Steve,Sports,217,43.4,260.4,09/06/2018,2018,6,Jun
22178,864278,318646,Ekta,Computers,107,21.4,128.4,14/06/2018,2018,6,Jun
952143,279020,946842,Joe,Electronics,75,15,90,18/06/2018,2018,6,Jun
895494,701196,92010,Steve,Home,202,40.4,242.4,21/06/2018,2018,6,Jun
284069,164265,735419,Helen,Electronics,96,19.2,115.2,17/06/2018,2018,6,Jun
852685,29906,135413,Joe,Movies,145,29,174,28/06/2018,2018,6,Jun
425548,430766,953061,Joe,Sports,23,4.6,27.6,16/06/2018,2018,6,Jun
321237,296812,862309,John,Outdoors,331,66.2,397.2,02/06/2018,2018,6,Jun
165743,247539,72351,Adele,Industrial,466,93.2,559.2,07/06/2018,2018,6,Jun
616905,237604,201338,Laura,Industrial,254,50.8,304.8,22/06/2018,2018,6,Jun
989917,721994,165179,Adele,Industrial,141,28.2,169.2,29/06/2018,2018,6,Jun
622861,891390,857667,Helen,Sports,364,72.8,436.8,22/06/2018,2018,6,Jun
983263,111369,160303,Helen,Automotive,51,10.2,61.2,23/06/2018,2018,6,Jun
693266,333969,907512,Steve,Industrial,308,61.6,369.6,12/06/2018,2018,6,Jun
975038,453520,688955,Steve,Movies,179,35.8,214.8,06/06/2018,2018,6,Jun
571464,433034,747757,Laura,Home,399,79.8,478.8,14/06/2018,2018,6,Jun
173760,12013,998632,Joe,Automotive,365,73,438,30/06/2018,2018,6,Jun
604608,860631,152094,Helen,Books,137,27.4,164.4,23/06/2018,2018,6,Jun
343689,651513,498546,John,Sports,131,26.2,157.2,05/06/2018,2018,6,Jun
119062,390340,584892,Helen,Outdoors,329,65.8,394.8,30/06/2018,2018,6,Jun
288832,415847,58797,Laura,Books,58,11.6,69.6,14/06/2018,2018,6,Jun
432402,417907,598602,Laura,Clothing,114,22.8,136.8,30/06/2018,2018,6,Jun
634625,45702,282153,John,Automotive,461,92.2,553.2,07/06/2018,2018,6,Jun
293886,929168,547444,Laura,Computers,361,72.2,433.2,02/06/2018,2018,6,Jun
512567,432735,868767,Helen,Clothing,291,58.2,349.2,20/05/2018,2018,5,May
821593,537320,708378,Laura,Home,317,63.4,380.4,02/05/2018,2018,5,May
417475,945870,37937,Steve,Movies,391,78.2,469.2,29/05/2018,2018,5,May
605537,897263,151705,Laura,Industrial,357,71.4,428.4,11/05/2018,2018,5,May
725822,392338,342426,Steve,Books,363,72.6,435.6,13/05/2018,2018,5,May
295069,601971,773712,Joe,Computers,143,28.6,171.6,04/05/2018,2018,5,May
721229,237031,585010,Joe,Home,189,37.8,226.8,06/05/2018,2018,5,May
674617,828353,856902,Steve,Clothing,415,83,498,05/05/2018,2018,5,May
874255,321288,304054,John,Electronics,263,52.6,315.6,09/05/2018,2018,5,May
142582,117525,501275,Laura,Home,237,47.4,284.4,25/05/2018,2018,5,May
287282,403180,583471,Ekta,Sports,239,47.8,286.8,23/05/2018,2018,5,May
54375,286500,423369,Laura,Computers,92,18.4,110.4,19/05/2018,2018,5,May
10704,319958,81246,Steve,Outdoors,354,70.8,424.8,03/05/2018,2018,5,May
186777,862244,940015,Helen,Books,301,60.2,361.2,06/05/2018,2018,5,May
929084,363496,797841,Ekta,Electronics,428,85.6,513.6,27/05/2018,2018,5,May
844526,842358,265272,Helen,Clothing,374,74.8,448.8,04/05/2018,2018,5,May
140811,111778,527484,Steve,Books,196,39.2,235.2,10/05/2018,2018,5,May
625207,502556,629897,Joe,Music,381,76.2,457.2,05/05/2018,2018,5,May
799652,840833,892184,Helen,Outdoors,324,64.8,388.8,24/05/2018,2018,5,May
820407,672179,896076,Joe,Movies,401,80.2,481.2,25/05/2018,2018,5,May
629604,198215,750466,Joe,Sports,168,33.6,201.6,18/05/2018,2018,5,May
644499,475893,658909,Helen,Home,487,97.4,584.4,23/05/2018,2018,5,May
98427,959197,945871,Steve,Sports,42,8.4,50.4,11/05/2018,2018,5,May
312567,527698,185840,Laura,Home,274,54.8,328.8,15/05/2018,2018,5,May
519924,635598,468416,Helen,Books,310,62,372,08/05/2018,2018,5,May
312674,755240,761877,John,Books,223,44.6,267.6,28/05/2018,2018,5,May
166032,223900,996262,Joe,Outdoors,247,49.4,296.4,16/05/2018,2018,5,May
18409,617144,109679,Joe,Industrial,35,7,42,07/05/2018,2018,5,May
295631,339737,185621,Helen,Home,415,83,498,09/05/2018,2018,5,May
610944,150094,942305,Helen,Automotive,313,62.6,375.6,29/05/2018,2018,5,May
25985,130798,352940,Adele,Clothing,328,65.6,393.6,03/05/2018,2018,5,May
974286,156607,496405,John,Electronics,358,71.6,429.6,04/05/2018,2018,5,May
851616,435608,43073,Helen,Outdoors,319,63.8,382.8,11/05/2018,2018,5,May
181313,916365,285808,Adele,Computers,339,67.8,406.8,04/05/2018,2018,5,May
44020,58562,316037,Helen,Automotive,145,29,174,11/05/2018,2018,5,May
580667,551586,836728,John,Books,255,51,306,06/05/2018,2018,5,May
877518,594211,712976,Laura,Industrial,204,40.8,244.8,03/05/2018,2018,5,May
802605,930151,266503,Joe,Electronics,453,90.6,543.6,23/05/2018,2018,5,May
982868,788697,188674,Adele,Books,282,56.4,338.4,02/05/2018,2018,5,May
389889,869030,350831,Joe,Industrial,204,40.8,244.8,12/05/2018,2018,5,May
771510,11301,922355,Helen,Automotive,38,7.6,45.6,18/05/2018,2018,5,May
597947,107312,362394,Ekta,Sports,100,20,120,19/05/2018,2018,5,May
95725,72594,630972,Laura,Industrial,299,59.8,358.8,27/05/2018,2018,5,May
736539,672121,584152,Ekta,Books,171,34.2,205.2,18/05/2018,2018,5,May
345188,812618,286263,Helen,Computers,476,95.2,571.2,26/05/2018,2018,5,May
308285,977847,215273,Helen,Industrial,172,34.4,206.4,22/05/2018,2018,5,May
354559,489516,233701,Joe,Clothing,143,28.6,171.6,03/05/2018,2018,5,May
954929,553656,133160,Ekta,Automotive,66,13.2,79.2,20/05/2018,2018,5,May
751088,586528,265020,Joe,Clothing,69,13.8,82.8,07/05/2018,2018,5,May
96890,515410,31230,Joe,Electronics,315,63,378,11/05/2018,2018,5,May
946614,412684,320591,Laura,Automotive,285,57,342,16/05/2018,2018,5,May
806768,461212,100946,Steve,Movies,225,45,270,09/05/2018,2018,5,May
682931,283960,873772,Helen,Computers,43,8.6,51.6,17/05/2018,2018,5,May
679738,497865,446283,Helen,Industrial,472,94.4,566.4,09/05/2018,2018,5,May
475455,953370,648452,Joe,Home,437,87.4,524.4,26/05/2018,2018,5,May
513011,408592,571294,Laura,Electronics,391,78.2,469.2,03/05/2018,2018,5,May
553917,623746,27330,Joe,Sports,44,8.8,52.8,07/05/2018,2018,5,May
873434,514421,885040,Helen,Music,242,48.4,290.4,19/05/2018,2018,5,May
988394,399851,189821,Helen,Outdoors,356,71.2,427.2,09/05/2018,2018,5,May
126231,538483,731315,Adele,Home,156,31.2,187.2,09/05/2018,2018,5,May
394798,438539,648807,John,Books,67,13.4,80.4,24/04/2018,2018,4,Apr
438575,905225,704147,John,Industrial,172,34.4,206.4,12/04/2018,2018,4,Apr
945232,527454,847999,Laura,Music,59,11.8,70.8,07/04/2018,2018,4,Apr
691585,713135,510322,Joe,Outdoors,150,30,180,08/04/2018,2018,4,Apr
178846,859478,556513,Laura,Electronics,456,91.2,547.2,15/04/2018,2018,4,Apr
373963,930410,269359,Laura,Sports,363,72.6,435.6,02/04/2019,2019,4,Apr
86173,163249,948785,John,Clothing,340,68,408,24/04/2018,2018,4,Apr
784521,535841,650904,Adele,Clothing,82,16.4,98.4,11/04/2018,2018,4,Apr
191251,693858,834251,Joe,Clothing,70,14,84,23/04/2018,2018,4,Apr
361960,314514,139256,Joe,Music,413,82.6,495.6,11/04/2018,2018,4,Apr
48501,463094,860392,Steve,Industrial,36,7.2,43.2,05/04/2018,2018,4,Apr
33350,888564,39547,Helen,Electronics,157,31.4,188.4,05/04/2018,2018,4,Apr
166567,540436,207241,Ekta,Music,411,82.2,493.2,04/04/2018,2018,4,Apr
663337,864325,670455,Steve,Automotive,361,72.2,433.2,24/04/2018,2018,4,Apr
567415,855934,338219,Ekta,Outdoors,494,98.8,592.8,22/04/2018,2018,4,Apr
309190,325739,929104,Joe,Automotive,21,4.2,25.2,02/04/2019,2019,4,Apr
796179,343486,415899,Adele,Clothing,215,43,258,03/04/2018,2018,4,Apr
995390,696042,571102,Steve,Outdoors,138,27.6,165.6,25/04/2018,2018,4,Apr
168804,563182,749737,John,Electronics,70,14,84,20/04/2018,2018,4,Apr
551408,404194,591878,Joe,Industrial,438,87.6,525.6,28/04/2018,2018,4,Apr
149071,919622,975147,Steve,Movies,37,7.4,44.4,06/04/2018,2018,4,Apr
442619,125720,425064,Adele,Automotive,279,55.8,334.8,02/04/2018,2018,4,Apr
197390,954978,135546,Helen,Clothing,23,4.6,27.6,25/04/2018,2018,4,Apr
884650,48564,988830,Helen,Outdoors,84,16.8,100.8,15/04/2018,2018,4,Apr
120284,288485,539586,Helen,Industrial,306,61.2,367.2,27/04/2018,2018,4,Apr
477669,530822,348142,Adele,Clothing,260,52,312,08/04/2018,2018,4,Apr
490130,98444,624915,John,Home,176,35.2,211.2,10/04/2018,2018,4,Apr
698947,18226,386337,Adele,Books,380,76,456,16/04/2018,2018,4,Apr
795739,140769,404553,Steve,Clothing,379,75.8,454.8,25/04/2018,2018,4,Apr
391358,822375,696528,Steve,Computers,111,22.2,133.2,16/04/2018,2018,4,Apr
528266,394821,73571,John,Outdoors,305,61,366,09/04/2018,2018,4,Apr
366492,851410,606738,Laura,Clothing,23,4.6,27.6,18/04/2018,2018,4,Apr
335803,113796,746559,Adele,Sports,366,73.2,439.2,20/04/2018,2018,4,Apr
983557,100713,624831,Helen,Automotive,209,41.8,250.8,10/04/2018,2018,4,Apr
904366,96459,348437,Ekta,Books,207,41.4,248.4,27/04/2018,2018,4,Apr
152184,499185,186718,Laura,Clothing,333,66.6,399.6,18/04/2018,2018,4,Apr
664436,99144,132065,Joe,Clothing,366,73.2,439.2,06/04/2018,2018,4,Apr
392787,660157,481049,Adele,Sports,208,41.6,249.6,04/04/2018,2018,4,Apr
906106,47933,609651,Laura,Sports,281,56.2,337.2,09/04/2018,2018,4,Apr
748099,142937,422426,Adele,Computers,238,47.6,285.6,30/04/2018,2018,4,Apr
773181,410609,513815,John,Home,461,92.2,553.2,17/04/2018,2018,4,Apr
435688,118147,665472,Laura,Industrial,211,42.2,253.2,04/04/2018,2018,4,Apr
848941,757079,965238,Steve,Clothing,235,47,282,24/04/2018,2018,4,Apr
546213,218751,176449,John,Clothing,453,90.6,543.6,20/04/2018,2018,4,Apr
267073,526530,782556,Adele,Industrial,346,69.2,415.2,13/04/2018,2018,4,Apr
915424,366249,669625,Joe,Clothing,198,39.6,237.6,19/04/2018,2018,4,Apr
309286,55437,508193,Adele,Outdoors,353,70.6,423.6,19/04/2018,2018,4,Apr
930891,712233,397403,Helen,Clothing,224,44.8,268.8,30/04/2018,2018,4,Apr
114296,689220,786076,Laura,Movies,210,42,252,21/04/2018,2018,4,Apr
822724,306554,219798,Ekta,Sports,264,52.8,316.8,21/04/2018,2018,4,Apr
650084,283992,805043,Adele,Clothing,166,33.2,199.2,21/04/2018,2018,4,Apr
240513,903637,90408,John,Home,294,58.8,352.8,21/04/2018,2018,4,Apr
138490,831958,688457,Laura,Books,307,61.4,368.4,20/04/2018,2018,4,Apr
229284,239132,892698,Adele,Sports,280,56,336,03/04/2018,2018,4,Apr
837141,768419,790557,Steve,Clothing,137,27.4,164.4,26/04/2018,2018,4,Apr
90166,395780,605201,Laura,Music,321,64.2,385.2,12/04/2018,2018,4,Apr
930641,384381,759019,John,Books,122,24.4,146.4,20/04/2018,2018,4,Apr
823264,639869,934233,Helen,Sports,409,81.8,490.8,29/04/2018,2018,4,Apr
691734,618517,922012,Ekta,Sports,142,28.4,170.4,06/04/2018,2018,4,Apr
149368,512540,551334,Joe,Electronics,198,39.6,237.6,07/04/2018,2018,4,Apr
999214,598103,124947,Helen,Clothing,500,100,600,17/04/2018,2018,4,Apr
897822,156148,374111,Adele,Sports,325,65,390,03/04/2019,2019,4,Apr
789371,512934,51196,Steve,Clothing,342,68.4,410.4,22/04/2018,2018,4,Apr
951367,830564,57022,Joe,Industrial,390,78,468,03/04/2018,2018,4,Apr
615746,459414,467593,John,Sports,430,86,516,01/04/2019,2019,4,Apr
57519,831363,152888,Ekta,Movies,48,9.6,57.6,22/04/2018,2018,4,Apr
431921,922421,541381,Laura,Electronics,272,54.4,326.4,02/04/2018,2018,4,Apr
36324,789660,287889,Helen,Home,83,16.6,99.6,27/04/2018,2018,4,Apr
751101,118330,417414,Laura,Electronics,493,98.6,591.6,20/04/2018,2018,4,Apr
24015,82759,958409,Helen,Movies,132,26.4,158.4,23/04/2018,2018,4,Apr
464874,362506,328351,Ekta,Home,226,45.2,271.2,18/04/2018,2018,4,Apr
842291,672475,556321,Ekta,Industrial,20,4,24,04/04/2018,2018,4,Apr
261723,104924,467940,Adele,Movies,462,92.4,554.4,12/04/2018,2018,4,Apr
396053,107555,298091,John,Sports,181,36.2,217.2,26/03/2019,2019,3,Mar
167211,772890,572652,John,Home,34,6.8,40.8,22/03/2018,2018,3,Mar
31997,485801,210714,Ekta,Books,316,63.2,379.2,23/03/2019,2019,3,Mar
702581,533795,351515,Steve,Clothing,498,99.6,597.6,27/03/2018,2018,3,Mar
555400,213505,323995,Joe,Sports,354,70.8,424.8,14/03/2019,2019,3,Mar
733778,77078,100545,Laura,Industrial,102,20.4,122.4,11/03/2019,2019,3,Mar
530715,946053,13033,Steve,Electronics,118,23.6,141.6,10/03/2019,2019,3,Mar
766302,235194,214328,Adele,Industrial,112,22.4,134.4,05/03/2018,2018,3,Mar
333959,748254,258751,John,Movies,236,47.2,283.2,11/03/2018,2018,3,Mar
232042,750736,22350,Steve,Books,31,6.2,37.2,31/03/2019,2019,3,Mar
479535,773067,499646,Joe,Automotive,233,46.6,279.6,09/03/2019,2019,3,Mar
633430,468790,852325,Ekta,Clothing,464,92.8,556.8,16/03/2019,2019,3,Mar
107769,647805,936869,Steve,Industrial,95,19,114,15/03/2018,2018,3,Mar
98182,325709,558643,Helen,Books,196,39.2,235.2,14/03/2019,2019,3,Mar
745923,707688,663355,Steve,Electronics,272,54.4,326.4,19/03/2019,2019,3,Mar
365897,391379,260811,Adele,Clothing,71,14.2,85.2,29/03/2019,2019,3,Mar
241760,152920,176767,Ekta,Clothing,151,30.2,181.2,15/03/2018,2018,3,Mar
795828,961414,604290,Laura,Home,74,14.8,88.8,03/03/2018,2018,3,Mar
241720,461303,955836,Adele,Music,410,82,492,04/03/2019,2019,3,Mar
691635,833705,652756,John,Industrial,60,12,72,13/03/2018,2018,3,Mar
748755,730396,328542,Adele,Music,387,77.4,464.4,04/03/2018,2018,3,Mar
556896,336381,345915,Steve,Movies,385,77,462,07/03/2018,2018,3,Mar
938168,128650,293634,Steve,Automotive,196,39.2,235.2,02/03/2019,2019,3,Mar
533201,838667,856044,John,Movies,352,70.4,422.4,31/03/2018,2018,3,Mar
832301,852929,417628,Ekta,Music,230,46,276,16/03/2018,2018,3,Mar
752047,313334,669767,Adele,Automotive,325,65,390,31/03/2018,2018,3,Mar
64913,193690,92943,John,Sports,232,46.4,278.4,01/03/2019,2019,3,Mar
98192,294399,70631,Joe,Outdoors,201,40.2,241.2,19/03/2019,2019,3,Mar
198625,229486,374735,Adele,Industrial,81,16.2,97.2,01/03/2018,2018,3,Mar
734405,480889,928673,Laura,Books,296,59.2,355.2,06/03/2018,2018,3,Mar
560023,165254,580583,Adele,Home,479,95.8,574.8,09/03/2019,2019,3,Mar
668534,480495,486054,John,Music,468,93.6,561.6,04/03/2019,2019,3,Mar
546130,418404,48206,Ekta,Industrial,427,85.4,512.4,19/03/2019,2019,3,Mar
417957,663884,656567,Helen,Outdoors,491,98.2,589.2,22/03/2019,2019,3,Mar
376015,40218,826426,Joe,Clothing,186,37.2,223.2,12/03/2019,2019,3,Mar
173672,295939,697612,Joe,Clothing,468,93.6,561.6,03/03/2018,2018,3,Mar
440820,715088,693721,Ekta,Industrial,203,40.6,243.6,03/03/2018,2018,3,Mar
490931,333359,474385,Helen,Sports,365,73,438,23/03/2018,2018,3,Mar
948537,405723,348923,Joe,Sports,477,95.4,572.4,02/03/2018,2018,3,Mar
223199,170661,631038,Steve,Movies,80,16,96,31/03/2019,2019,3,Mar
974281,276526,683843,Joe,Music,218,43.6,261.6,13/03/2019,2019,3,Mar
860553,91135,189691,Laura,Music,44,8.8,52.8,20/03/2018,2018,3,Mar
310682,110638,462596,Adele,Electronics,205,41,246,30/03/2019,2019,3,Mar
669348,845437,158067,Laura,Books,92,18.4,110.4,21/03/2019,2019,3,Mar
863131,334841,601176,John,Sports,219,43.8,262.8,27/03/2018,2018,3,Mar
183432,244446,32258,Helen,Outdoors,100,20,120,23/03/2019,2019,3,Mar
428814,850274,154254,Laura,Sports,362,72.4,434.4,25/03/2018,2018,3,Mar
729951,623502,191049,Joe,Clothing,393,78.6,471.6,25/03/2019,2019,3,Mar
23432,635063,708065,Steve,Movies,49,9.8,58.8,06/03/2018,2018,3,Mar
135034,242147,584015,John,Sports,383,76.6,459.6,28/03/2018,2018,3,Mar
159248,99402,571497,Steve,Sports,360,72,432,19/03/2019,2019,3,Mar
508596,98616,142413,Ekta,Music,324,64.8,388.8,29/03/2018,2018,3,Mar
184705,664662,845407,Adele,Industrial,39,7.8,46.8,07/03/2018,2018,3,Mar
149892,178790,979609,John,Computers,170,34,204,17/03/2018,2018,3,Mar
896075,276625,448410,Ekta,Automotive,71,14.2,85.2,08/03/2019,2019,3,Mar
54668,708446,674634,Helen,Sports,86,17.2,103.2,04/03/2018,2018,3,Mar
232863,871614,429949,Ekta,Computers,321,64.2,385.2,20/03/2018,2018,3,Mar
791282,89738,198159,John,Clothing,417,83.4,500.4,09/03/2019,2019,3,Mar
687660,476885,950250,Joe,Books,31,6.2,37.2,27/03/2019,2019,3,Mar
653350,106981,238257,Ekta,Home,110,22,132,26/03/2018,2018,3,Mar
610683,230036,304358,Helen,Books,161,32.2,193.2,17/03/2019,2019,3,Mar
257634,720676,816746,Ekta,Movies,485,97,582,15/03/2018,2018,3,Mar
683299,907446,168353,John,Movies,73,14.6,87.6,15/03/2018,2018,3,Mar
150125,39920,596469,Helen,Industrial,25,5,30,18/03/2018,2018,3,Mar
23096,752445,647519,Steve,Movies,374,74.8,448.8,23/03/2018,2018,3,Mar
646736,301929,780083,Ekta,Outdoors,94,18.8,112.8,17/03/2019,2019,3,Mar
760257,813309,364439,John,Music,328,65.6,393.6,23/03/2019,2019,3,Mar
455460,863423,320194,Steve,Automotive,321,64.2,385.2,04/03/2019,2019,3,Mar
795950,779292,320385,Joe,Outdoors,71,14.2,85.2,08/03/2018,2018,3,Mar
68341,170583,825875,Ekta,Computers,430,86,516,29/03/2019,2019,3,Mar
415924,354768,494699,Laura,Electronics,266,53.2,319.2,24/03/2018,2018,3,Mar
477502,22197,932107,Laura,Clothing,178,35.6,213.6,02/03/2018,2018,3,Mar
361108,628015,432466,Adele,Clothing,456,91.2,547.2,02/03/2018,2018,3,Mar
865761,380983,799426,Helen,Sports,307,61.4,368.4,09/03/2019,2019,3,Mar
859381,185039,32306,Laura,Home,197,39.4,236.4,10/03/2019,2019,3,Mar
133225,957699,394986,Adele,Movies,139,27.8,166.8,30/03/2019,2019,3,Mar
959525,804776,474459,Laura,Computers,260,52,312,29/03/2018,2018,3,Mar
382163,248289,784429,John,Music,43,8.6,51.6,22/03/2018,2018,3,Mar
423782,362185,96138,John,Music,28,5.6,33.6,06/03/2019,2019,3,Mar
497464,457765,309594,Steve,Computers,491,98.2,589.2,18/03/2019,2019,3,Mar
664171,565535,452513,John,Books,388,77.6,465.6,18/03/2018,2018,3,Mar
729119,559858,415307,Joe,Electronics,133,26.6,159.6,07/03/2019,2019,3,Mar
556711,104464,619689,Steve,Books,124,24.8,148.8,05/03/2019,2019,3,Mar
960906,434112,525229,Adele,Clothing,422,84.4,506.4,13/03/2018,2018,3,Mar
719789,756043,973269,Adele,Outdoors,381,76.2,457.2,28/03/2018,2018,3,Mar
932817,399842,582801,Joe,Clothing,125,25,150,29/03/2019,2019,3,Mar
702298,448782,412214,Adele,Automotive,323,64.6,387.6,18/03/2018,2018,3,Mar
891456,797115,620602,Adele,Clothing,348,69.6,417.6,07/03/2019,2019,3,Mar
279294,727896,620700,Helen,Movies,390,78,468,17/03/2018,2018,3,Mar
532121,279246,545856,Steve,Clothing,216,43.2,259.2,18/03/2019,2019,3,Mar
482835,132289,464865,John,Electronics,273,54.6,327.6,28/03/2019,2019,3,Mar
849992,721507,884036,Steve,Movies,399,79.8,478.8,27/03/2019,2019,3,Mar
79170,158090,543136,Joe,Clothing,345,69,414,18/03/2019,2019,3,Mar
269488,237255,486929,John,Music,409,81.8,490.8,16/03/2018,2018,3,Mar
572881,513857,650178,Adele,Automotive,315,63,378,14/03/2018,2018,3,Mar
896076,254481,431460,Adele,Industrial,184,36.8,220.8,29/03/2018,2018,3,Mar
96967,872518,945008,Joe,Outdoors,447,89.4,536.4,27/03/2019,2019,3,Mar
20695,658520,314980,Steve,Electronics,232,46.4,278.4,02/03/2018,2018,3,Mar
154958,271655,130286,John,Books,410,82,492,21/03/2019,2019,3,Mar
64501,158785,754140,Ekta,Sports,99,19.8,118.8,07/03/2018,2018,3,Mar
34243,548038,109652,John,Outdoors,363,72.6,435.6,12/03/2018,2018,3,Mar
831325,956640,408435,Adele,Outdoors,319,63.8,382.8,15/03/2018,2018,3,Mar
98870,881579,103363,Steve,Home,187,37.4,224.4,24/03/2019,2019,3,Mar
546045,50757,856297,Helen,Automotive,182,36.4,218.4,29/03/2019,2019,3,Mar
372787,569812,556796,Adele,Clothing,185,37,222,19/03/2019,2019,3,Mar
357177,38429,771405,Steve,Music,107,21.4,128.4,30/03/2018,2018,3,Mar
426952,574527,917740,Laura,Books,160,32,192,18/03/2018,2018,3,Mar
778679,204792,777449,John,Electronics,59,11.8,70.8,26/03/2019,2019,3,Mar
674085,57161,45870,John,Outdoors,336,67.2,403.2,02/03/2018,2018,3,Mar
606023,291595,632970,Helen,Outdoors,408,81.6,489.6,02/03/2019,2019,3,Mar
379183,882304,123687,Ekta,Clothing,332,66.4,398.4,18/03/2018,2018,3,Mar
711344,828840,266666,Laura,Automotive,102,20.4,122.4,17/03/2019,2019,3,Mar
94275,180492,518287,Joe,Automotive,431,86.2,517.2,27/03/2018,2018,3,Mar
148398,855296,862155,Steve,Computers,188,37.6,225.6,13/03/2018,2018,3,Mar
258436,808976,72321,Helen,Sports,409,81.8,490.8,22/03/2018,2018,3,Mar
529019,568565,25134,Laura,Sports,113,22.6,135.6,04/03/2018,2018,3,Mar
889644,854560,976241,Ekta,Sports,294,58.8,352.8,13/03/2019,2019,3,Mar
444838,745437,463892,Adele,Computers,380,76,456,11/03/2018,2018,3,Mar
427544,857756,703334,Joe,Sports,476,95.2,571.2,18/03/2018,2018,3,Mar
735425,139952,367328,John,Electronics,445,89,534,09/03/2019,2019,3,Mar
902400,504739,487362,Joe,Clothing,197,39.4,236.4,16/03/2018,2018,3,Mar
133893,958424,462737,Steve,Music,256,51.2,307.2,19/03/2019,2019,3,Mar
836793,763260,707975,John,Movies,179,35.8,214.8,11/03/2019,2019,3,Mar
909317,942480,270091,Ekta,Outdoors,330,66,396,29/03/2018,2018,3,Mar
612514,427619,939303,Helen,Music,283,56.6,339.6,06/03/2018,2018,3,Mar
547227,820675,252356,Adele,Clothing,189,37.8,226.8,16/03/2019,2019,3,Mar
338287,377679,458156,Steve,Computers,296,59.2,355.2,20/03/2018,2018,3,Mar
478498,57556,272836,Adele,Clothing,458,91.6,549.6,08/03/2018,2018,3,Mar
438127,313417,589177,Helen,Movies,259,51.8,310.8,02/03/2018,2018,3,Mar
158293,469713,131098,John,Movies,171,34.2,205.2,04/03/2018,2018,3,Mar
498394,891631,226182,Joe,Industrial,120,24,144,24/03/2018,2018,3,Mar
142569,987954,101006,Steve,Computers,251,50.2,301.2,07/03/2018,2018,3,Mar
465263,30127,409433,Helen,Electronics,290,58,348,14/03/2019,2019,3,Mar
78120,96048,446975,Laura,Outdoors,34,6.8,40.8,03/03/2019,2019,3,Mar
795270,959870,966370,Ekta,Industrial,298,59.6,357.6,05/03/2019,2019,3,Mar
886011,411984,341692,Helen,Clothing,86,17.2,103.2,10/03/2018,2018,3,Mar
116256,735040,709258,Adele,Industrial,460,92,552,06/03/2019,2019,3,Mar
519064,491244,607210,Joe,Automotive,139,27.8,166.8,25/03/2018,2018,3,Mar
18645,20457,586090,John,Home,87,17.4,104.4,28/03/2019,2019,3,Mar
251440,666768,689210,Joe,Electronics,272,54.4,326.4,16/03/2019,2019,3,Mar
925315,726369,440078,Ekta,Computers,445,89,534,28/03/2019,2019,3,Mar
40470,435535,375926,Joe,Movies,258,51.6,309.6,02/03/2018,2018,3,Mar
369893,830282,554097,Laura,Books,169,33.8,202.8,11/03/2019,2019,3,Mar
435717,988167,218214,John,Automotive,386,77.2,463.2,16/03/2018,2018,3,Mar
858779,87719,667547,John,Automotive,353,70.6,423.6,20/03/2019,2019,3,Mar
479502,956037,331040,Steve,Books,245,49,294,13/03/2018,2018,3,Mar
704361,847986,649851,Steve,Movies,382,76.4,458.4,20/03/2019,2019,3,Mar
660977,874958,881000,Adele,Outdoors,335,67,402,18/03/2018,2018,3,Mar
407761,484818,765161,Adele,Books,163,32.6,195.6,27/03/2018,2018,3,Mar
200105,159283,860350,Ekta,Movies,110,22,132,24/02/2019,2019,2,Feb
848980,125456,610476,John,Outdoors,369,73.8,442.8,13/02/2019,2019,2,Feb
716676,448786,655766,Adele,Home,242,48.4,290.4,21/02/2019,2019,2,Feb
792821,107425,642417,Joe,Movies,114,22.8,136.8,01/02/2019,2019,2,Feb
520782,216676,370213,Ekta,Automotive,156,31.2,187.2,20/02/2019,2019,2,Feb
31700,269281,115115,Laura,Industrial,74,14.8,88.8,14/02/2019,2019,2,Feb
833023,84989,311609,Joe,Computers,367,73.4,440.4,03/02/2019,2019,2,Feb
328347,695340,595515,Joe,Home,436,87.2,523.2,23/02/2018,2018,2,Feb
504938,421695,221857,Steve,Clothing,271,54.2,325.2,26/02/2019,2019,2,Feb
461247,67537,703872,Laura,Books,102,20.4,122.4,20/02/2019,2019,2,Feb
728853,274321,563835,Ekta,Automotive,158,31.6,189.6,26/02/2018,2018,2,Feb
328863,273251,80501,Joe,Home,53,10.6,63.6,15/02/2018,2018,2,Feb
725084,461471,337985,John,Music,232,46.4,278.4,13/02/2018,2018,2,Feb
752011,658024,30666,Helen,Books,282,56.4,338.4,12/02/2019,2019,2,Feb
597949,732854,780881,John,Clothing,137,27.4,164.4,07/02/2019,2019,2,Feb
607917,553691,25192,Helen,Computers,391,78.2,469.2,01/02/2019,2019,2,Feb
187208,235813,774590,Adele,Electronics,93,18.6,111.6,26/02/2019,2019,2,Feb
569524,152734,748658,Adele,Outdoors,298,59.6,357.6,22/02/2018,2018,2,Feb
748233,464525,675807,Steve,Books,34,6.8,40.8,27/02/2019,2019,2,Feb
861836,996046,308857,Adele,Outdoors,378,75.6,453.6,20/02/2019,2019,2,Feb
833461,567659,266277,Laura,Music,92,18.4,110.4,23/02/2019,2019,2,Feb
951654,398858,504412,Steve,Electronics,216,43.2,259.2,07/02/2019,2019,2,Feb
369953,972526,838770,Steve,Computers,257,51.4,308.4,27/02/2018,2018,2,Feb
623159,278455,138192,Steve,Home,62,12.4,74.4,23/02/2019,2019,2,Feb
500819,975032,551902,Laura,Computers,23,4.6,27.6,18/02/2018,2018,2,Feb
343286,509939,851638,Adele,Industrial,237,47.4,284.4,02/02/2019,2019,2,Feb
115203,410525,671895,Adele,Outdoors,30,6,36,02/02/2018,2018,2,Feb
806606,918193,61664,Helen,Automotive,427,85.4,512.4,05/02/2019,2019,2,Feb
911110,146771,708110,Steve,Automotive,75,15,90,02/02/2019,2019,2,Feb
954346,823544,692405,Adele,Movies,158,31.6,189.6,05/02/2018,2018,2,Feb
979791,315042,743957,John,Electronics,345,69,414,15/02/2019,2019,2,Feb
252544,476083,230436,Ekta,Automotive,309,61.8,370.8,14/02/2019,2019,2,Feb
619060,329240,328582,Steve,Automotive,387,77.4,464.4,11/02/2018,2018,2,Feb
916429,409018,531511,John,Movies,488,97.6,585.6,03/02/2019,2019,2,Feb
55396,602862,833234,Helen,Home,272,54.4,326.4,26/02/2018,2018,2,Feb
223070,372690,550957,Adele,Books,324,64.8,388.8,19/02/2019,2019,2,Feb
970807,981892,765082,Adele,Books,371,74.2,445.2,03/02/2019,2019,2,Feb
687381,594837,409558,Ekta,Industrial,422,84.4,506.4,02/02/2019,2019,2,Feb
62639,133207,227730,Helen,Movies,236,47.2,283.2,13/02/2019,2019,2,Feb
776499,30181,821690,Ekta,Electronics,204,40.8,244.8,24/02/2018,2018,2,Feb
977124,240321,438348,Steve,Clothing,154,30.8,184.8,01/02/2018,2018,2,Feb
884190,712792,321709,John,Industrial,153,30.6,183.6,25/02/2019,2019,2,Feb
684561,720054,939895,Helen,Automotive,91,18.2,109.2,06/02/2019,2019,2,Feb
952447,761891,188091,Laura,Electronics,119,23.8,142.8,20/02/2019,2019,2,Feb
321340,513744,891706,Ekta,Computers,233,46.6,279.6,20/02/2018,2018,2,Feb
494096,38114,957415,Ekta,Movies,106,21.2,127.2,26/02/2019,2019,2,Feb
135520,282363,336996,Ekta,Books,236,47.2,283.2,21/02/2018,2018,2,Feb
656890,909893,343516,Helen,Music,259,51.8,310.8,11/02/2019,2019,2,Feb
317290,539597,674706,Joe,Clothing,218,43.6,261.6,23/02/2018,2018,2,Feb
58995,895968,121383,John,Books,120,24,144,17/02/2019,2019,2,Feb
355313,154973,880454,Steve,Electronics,406,81.2,487.2,08/02/2018,2018,2,Feb
277586,580647,825888,Helen,Industrial,27,5.4,32.4,15/02/2018,2018,2,Feb
192999,448645,299408,Joe,Movies,23,4.6,27.6,22/02/2018,2018,2,Feb
354102,202082,458039,John,Music,330,66,396,18/02/2018,2018,2,Feb
590511,423422,563046,Laura,Sports,153,30.6,183.6,21/02/2018,2018,2,Feb
484402,349812,524083,Adele,Books,480,96,576,15/02/2018,2018,2,Feb
962642,730485,382306,Helen,Music,403,80.6,483.6,20/02/2018,2018,2,Feb
994398,424520,369518,Ekta,Electronics,295,59,354,07/02/2019,2019,2,Feb
253884,401425,842391,Adele,Home,385,77,462,28/02/2018,2018,2,Feb
464856,624376,908628,Adele,Home,456,91.2,547.2,14/02/2018,2018,2,Feb
414316,912170,464604,Steve,Clothing,474,94.8,568.8,13/02/2019,2019,2,Feb
440173,615927,531039,Joe,Books,431,86.2,517.2,02/02/2018,2018,2,Feb
758437,591209,300586,Joe,Movies,256,51.2,307.2,04/02/2019,2019,2,Feb
897649,68418,872836,Laura,Electronics,436,87.2,523.2,08/02/2019,2019,2,Feb
890407,290822,493825,Laura,Clothing,332,66.4,398.4,24/02/2019,2019,2,Feb
892375,214330,692205,John,Books,385,77,462,10/02/2019,2019,2,Feb
389396,487672,672983,Steve,Computers,446,89.2,535.2,22/02/2018,2018,2,Feb
205874,641283,369229,Joe,Movies,148,29.6,177.6,12/02/2019,2019,2,Feb
263252,938547,459212,Joe,Sports,319,63.8,382.8,09/02/2019,2019,2,Feb
350554,277714,986245,Helen,Automotive,204,40.8,244.8,06/02/2018,2018,2,Feb
128361,563714,574650,Steve,Outdoors,330,66,396,07/02/2019,2019,2,Feb
536699,210784,314371,Adele,Computers,66,13.2,79.2,05/02/2019,2019,2,Feb
152096,773307,895245,Joe,Computers,471,94.2,565.2,08/02/2019,2019,2,Feb
550790,297066,792879,Ekta,Computers,232,46.4,278.4,27/02/2019,2019,2,Feb
229805,956564,806185,Steve,Computers,52,10.4,62.4,15/02/2018,2018,2,Feb
420428,283203,505739,Helen,Electronics,369,73.8,442.8,02/02/2018,2018,2,Feb
546868,160748,870392,Helen,Clothing,35,7,42,18/02/2018,2018,2,Feb
843493,25369,940095,Joe,Industrial,492,98.4,590.4,15/02/2019,2019,2,Feb
226497,364328,104725,Ekta,Music,173,34.6,207.6,20/02/2019,2019,2,Feb
482184,296192,361270,Adele,Outdoors,93,18.6,111.6,20/02/2019,2019,2,Feb
131711,347065,308213,Adele,Electronics,444,88.8,532.8,06/02/2019,2019,2,Feb
829057,898857,906013,Joe,Electronics,407,81.4,488.4,05/02/2018,2018,2,Feb
74156,247692,571676,Joe,Music,283,56.6,339.6,19/02/2018,2018,2,Feb
416577,950614,581889,Helen,Books,46,9.2,55.2,27/02/2019,2019,2,Feb
746187,786912,635753,Laura,Industrial,354,70.8,424.8,06/02/2019,2019,2,Feb
220408,80929,750033,Helen,Computers,26,5.2,31.2,10/02/2019,2019,2,Feb
256785,765203,937186,Helen,Computers,295,59,354,02/02/2019,2019,2,Feb
297680,976437,549278,Steve,Computers,157,31.4,188.4,02/02/2019,2019,2,Feb
879458,499653,27647,John,Movies,320,64,384,21/02/2018,2018,2,Feb
174157,406671,461589,Helen,Sports,279,55.8,334.8,27/02/2018,2018,2,Feb
606197,899025,40477,John,Outdoors,62,12.4,74.4,15/02/2019,2019,2,Feb
331241,595894,207763,John,Outdoors,361,72.2,433.2,01/02/2018,2018,2,Feb
313750,464096,688233,Joe,Electronics,127,25.4,152.4,25/02/2019,2019,2,Feb
523393,744530,103852,Helen,Music,387,77.4,464.4,08/02/2018,2018,2,Feb
280489,191916,318785,Adele,Outdoors,149,29.8,178.8,20/02/2019,2019,2,Feb
976915,997230,105632,Adele,Music,73,14.6,87.6,11/02/2019,2019,2,Feb
286697,615871,247346,Helen,Sports,182,36.4,218.4,06/02/2018,2018,2,Feb
802202,502803,375417,John,Outdoors,199,39.8,238.8,14/02/2019,2019,2,Feb
402497,650730,852133,John,Clothing,323,64.6,387.6,02/02/2018,2018,2,Feb
367893,66563,626032,Steve,Industrial,62,12.4,74.4,25/02/2019,2019,2,Feb
52670,547345,955765,John,Home,415,83,498,11/02/2019,2019,2,Feb
94470,240259,203205,Helen,Home,39,7.8,46.8,23/02/2018,2018,2,Feb
56311,830159,175213,Joe,Books,257,51.4,308.4,18/02/2018,2018,2,Feb
686933,51227,321994,Ekta,Movies,292,58.4,350.4,19/02/2019,2019,2,Feb
367286,375817,70180,John,Home,41,8.2,49.2,10/02/2018,2018,2,Feb
315475,890538,276534,Ekta,Automotive,447,89.4,536.4,25/02/2018,2018,2,Feb
581546,992707,982621,John,Sports,296,59.2,355.2,11/02/2019,2019,2,Feb
501668,749051,308615,Ekta,Outdoors,195,39,234,21/02/2018,2018,2,Feb
208678,448671,807204,John,Industrial,484,96.8,580.8,14/02/2019,2019,2,Feb
818048,528826,839465,John,Automotive,306,61.2,367.2,17/02/2018,2018,2,Feb
32071,547270,563487,Laura,Outdoors,107,21.4,128.4,21/02/2019,2019,2,Feb
804805,409374,972146,Steve,Music,478,95.6,573.6,21/02/2018,2018,2,Feb
558611,918049,638022,Steve,Computers,176,35.2,211.2,03/02/2018,2018,2,Feb
580322,493019,822300,Helen,Industrial,232,46.4,278.4,26/02/2018,2018,2,Feb
510640,178440,148977,Adele,Music,36,7.2,43.2,05/02/2018,2018,2,Feb
886304,344923,20811,Steve,Automotive,265,53,318,02/02/2018,2018,2,Feb
142005,160546,192364,Ekta,Sports,77,15.4,92.4,02/02/2019,2019,2,Feb
516348,522047,877661,Laura,Books,240,48,288,28/02/2019,2019,2,Feb
876423,793821,439700,Laura,Music,50,10,60,27/02/2018,2018,2,Feb
607405,517322,284983,Joe,Sports,245,49,294,04/02/2019,2019,2,Feb
211056,920631,212974,Ekta,Books,455,91,546,09/02/2018,2018,2,Feb
961029,95455,384899,Helen,Clothing,174,34.8,208.8,17/02/2018,2018,2,Feb
656251,611525,99674,John,Home,45,9,54,18/02/2018,2018,2,Feb
538065,980082,742691,Joe,Electronics,114,22.8,136.8,21/02/2019,2019,2,Feb
645220,183221,194460,John,Computers,369,73.8,442.8,14/02/2018,2018,2,Feb
198482,140444,235544,Joe,Music,214,42.8,256.8,03/02/2018,2018,2,Feb
790113,783999,784398,Joe,Movies,53,10.6,63.6,14/02/2018,2018,2,Feb
416622,57049,395397,John,Home,450,90,540,27/02/2018,2018,2,Feb
196602,859018,790241,Joe,Computers,465,93,558,21/02/2018,2018,2,Feb
182236,603302,658709,Steve,Industrial,478,95.6,573.6,09/02/2019,2019,2,Feb
458010,607613,577492,Laura,Electronics,458,91.6,549.6,29/01/2018,2018,1,Jan
571615,452323,771810,Adele,Automotive,308,61.6,369.6,24/01/2019,2019,1,Jan
196939,295800,198612,Helen,Automotive,113,22.6,135.6,05/01/2018,2018,1,Jan
34116,175420,528594,Adele,Music,324,64.8,388.8,06/01/2018,2018,1,Jan
86568,696925,361228,Adele,Music,430,86,516,05/01/2018,2018,1,Jan
450247,194661,517329,Joe,Clothing,170,34,204,28/01/2018,2018,1,Jan
494670,382773,194307,John,Computers,108,21.6,129.6,06/01/2018,2018,1,Jan
194383,279311,442214,Adele,Automotive,206,41.2,247.2,08/01/2018,2018,1,Jan
756359,333962,484845,Joe,Electronics,475,95,570,27/01/2019,2019,1,Jan
523446,187197,624135,Ekta,Sports,166,33.2,199.2,28/01/2019,2019,1,Jan
996846,968115,415185,Ekta,Music,374,74.8,448.8,19/01/2018,2018,1,Jan
301679,115965,556059,Steve,Music,110,22,132,07/01/2018,2018,1,Jan
954735,729415,214767,Joe,Electronics,217,43.4,260.4,20/01/2018,2018,1,Jan
554618,548950,576208,Laura,Outdoors,238,47.6,285.6,29/01/2018,2018,1,Jan
764003,836343,218838,John,Computers,347,69.4,416.4,08/01/2018,2018,1,Jan
75251,842523,872034,Helen,Movies,152,30.4,182.4,18/01/2019,2019,1,Jan
856564,588689,643490,Ekta,Industrial,399,79.8,478.8,10/01/2018,2018,1,Jan
315267,622161,11361,Laura,Sports,28,5.6,33.6,03/01/2019,2019,1,Jan
343366,10802,498364,Joe,Movies,98,19.6,117.6,11/01/2019,2019,1,Jan
365399,160254,911277,Helen,Sports,357,71.4,428.4,17/01/2018,2018,1,Jan
688560,811000,45918,Ekta,Music,289,57.8,346.8,06/01/2019,2019,1,Jan
140365,295525,558401,Adele,Industrial,92,18.4,110.4,26/01/2018,2018,1,Jan
470346,912274,825089,Helen,Automotive,60,12,72,22/01/2019,2019,1,Jan
220676,148068,164802,Steve,Electronics,464,92.8,556.8,07/01/2018,2018,1,Jan
72256,418873,371106,Helen,Movies,225,45,270,11/01/2018,2018,1,Jan
767551,561049,695143,Adele,Sports,270,54,324,14/01/2018,2018,1,Jan
443369,922579,686568,Adele,Electronics,459,91.8,550.8,27/01/2019,2019,1,Jan
925104,872953,399719,Laura,Sports,97,19.4,116.4,14/01/2019,2019,1,Jan
427956,436426,878148,Ekta,Automotive,265,53,318,18/01/2019,2019,1,Jan
635336,473632,845400,Joe,Sports,359,71.8,430.8,22/01/2018,2018,1,Jan
157375,558051,444017,Helen,Books,55,11,66,07/01/2019,2019,1,Jan
929735,390675,296753,Adele,Industrial,254,50.8,304.8,03/01/2019,2019,1,Jan
763005,107055,23235,Ekta,Industrial,416,83.2,499.2,23/01/2019,2019,1,Jan
813103,19386,517739,Helen,Automotive,408,81.6,489.6,03/01/2019,2019,1,Jan
851126,751916,190720,Ekta,Automotive,276,55.2,331.2,31/01/2019,2019,1,Jan
519974,819327,166837,John,Computers,142,28.4,170.4,09/01/2019,2019,1,Jan
468099,581282,697309,Joe,Outdoors,411,82.2,493.2,27/01/2018,2018,1,Jan
590852,905283,466393,Laura,Books,151,30.2,181.2,01/01/2018,2018,1,Jan
201235,841055,360891,Ekta,Books,265,53,318,07/01/2018,2018,1,Jan
350542,390944,203193,Adele,Automotive,100,20,120,04/01/2018,2018,1,Jan
313235,765279,625113,Laura,Home,91,18.2,109.2,30/01/2018,2018,1,Jan
672572,352342,54511,Ekta,Outdoors,174,34.8,208.8,16/01/2019,2019,1,Jan
993871,769798,891310,Ekta,Books,253,50.6,303.6,08/01/2018,2018,1,Jan
723962,669229,147202,Helen,Computers,207,41.4,248.4,10/01/2018,2018,1,Jan
565555,917558,569328,Adele,Books,388,77.6,465.6,09/01/2019,2019,1,Jan
380044,733127,368748,Steve,Automotive,417,83.4,500.4,28/01/2019,2019,1,Jan
165544,429612,983123,John,Outdoors,430,86,516,05/01/2019,2019,1,Jan
461984,198063,22804,John,Industrial,292,58.4,350.4,30/01/2019,2019,1,Jan
911399,707399,38332,Laura,Home,23,4.6,27.6,29/01/2018,2018,1,Jan
815669,602419,686140,Helen,Industrial,440,88,528,24/01/2019,2019,1,Jan
69808,448678,412553,John,Electronics,370,74,444,15/01/2019,2019,1,Jan
157291,453268,397153,Joe,Home,236,47.2,283.2,18/01/2018,2018,1,Jan
417434,656182,994704,Laura,Outdoors,336,67.2,403.2,22/01/2019,2019,1,Jan
955673,573368,327098,Ekta,Home,480,96,576,05/01/2019,2019,1,Jan
946373,220807,665485,Helen,Music,194,38.8,232.8,19/01/2018,2018,1,Jan
209494,52201,559842,Helen,Home,49,9.8,58.8,12/01/2018,2018,1,Jan
276951,85315,389242,Ekta,Automotive,436,87.2,523.2,22/01/2018,2018,1,Jan
233428,405148,813106,Joe,Automotive,251,50.2,301.2,25/01/2018,2018,1,Jan
548294,718909,179383,Ekta,Electronics,181,36.2,217.2,14/01/2019,2019,1,Jan
239768,848731,610481,Steve,Books,302,60.4,362.4,17/01/2018,2018,1,Jan
848538,79462,819445,Ekta,Electronics,190,38,228,15/01/2019,2019,1,Jan
454368,906619,594383,Adele,Automotive,51,10.2,61.2,11/01/2019,2019,1,Jan
736506,362267,364648,Joe,Computers,373,74.6,447.6,26/01/2018,2018,1,Jan
500178,568186,53812,Ekta,Electronics,42,8.4,50.4,09/01/2018,2018,1,Jan
435747,353049,114078,Laura,Electronics,398,79.6,477.6,14/01/2019,2019,1,Jan
172163,805136,653770,Adele,Books,328,65.6,393.6,10/01/2018,2018,1,Jan
584781,159329,760856,Ekta,Industrial,359,71.8,430.8,19/01/2019,2019,1,Jan
988535,859798,999499,Laura,Sports,180,36,216,24/01/2018,2018,1,Jan
176719,753279,184518,Helen,Clothing,262,52.4,314.4,27/01/2019,2019,1,Jan
341412,936599,301519,John,Outdoors,52,10.4,62.4,06/01/2019,2019,1,Jan
568365,199029,739964,Helen,Electronics,104,20.8,124.8,30/01/2019,2019,1,Jan
750396,10608,264216,Laura,Outdoors,375,75,450,26/01/2018,2018,1,Jan
110141,703396,904813,Steve,Automotive,171,34.2,205.2,20/01/2018,2018,1,Jan
678476,10117,865318,Laura,Computers,489,97.8,586.8,10/01/2019,2019,1,Jan
572054,775682,454459,Adele,Books,485,97,582,28/01/2018,2018,1,Jan
912279,363995,806538,Helen,Home,116,23.2,139.2,15/01/2018,2018,1,Jan
749043,785745,789724,John,Sports,73,14.6,87.6,03/01/2019,2019,1,Jan
143886,271030,951303,Steve,Industrial,235,47,282,08/01/2019,2019,1,Jan
814996,30567,957086,Helen,Sports,445,89,534,01/01/2018,2018,1,Jan
75851,868491,749114,Joe,Home,278,55.6,333.6,08/01/2019,2019,1,Jan
82006,607655,721212,Ekta,Books,121,24.2,145.2,13/01/2019,2019,1,Jan
824418,788145,180469,Joe,Outdoors,446,89.2,535.2,21/01/2018,2018,1,Jan
340449,144796,752451,Ekta,Books,472,94.4,566.4,21/01/2018,2018,1,Jan
30947,84944,186473,Laura,Sports,231,46.2,277.2,21/01/2018,2018,1,Jan
627831,989210,792955,Laura,Clothing,330,66,396,31/01/2019,2019,1,Jan
584425,792972,496066,John,Clothing,484,96.8,580.8,18/01/2018,2018,1,Jan
310235,847861,925992,Steve,Music,490,98,588,18/01/2018,2018,1,Jan
701460,386655,600980,Ekta,Computers,24,4.8,28.8,03/01/2019,2019,1,Jan
363165,138143,537150,John,Clothing,360,72,432,04/01/2019,2019,1,Jan
51310,631898,894344,Adele,Books,186,37.2,223.2,29/01/2018,2018,1,Jan
199803,968676,693107,Helen,Music,299,59.8,358.8,05/01/2019,2019,1,Jan
240335,526793,908794,Adele,Books,58,11.6,69.6,14/01/2018,2018,1,Jan
159011,20510,57555,John,Clothing,460,92,552,10/01/2019,2019,1,Jan
505230,140980,893367,Adele,Electronics,466,93.2,559.2,05/01/2019,2019,1,Jan
996886,747789,864754,Joe,Computers,86,17.2,103.2,22/01/2019,2019,1,Jan
637642,527732,87922,Helen,Movies,261,52.2,313.2,22/01/2018,2018,1,Jan
749250,719545,619830,Ekta,Industrial,212,42.4,254.4,26/01/2018,2018,1,Jan
803471,243664,770901,Ekta,Computers,116,23.2,139.2,22/01/2019,2019,1,Jan
698567,715759,580068,Laura,Books,101,20.2,121.2,25/01/2019,2019,1,Jan
51480,687329,819219,John,Computers,70,14,84,22/01/2018,2018,1,Jan
87683,631992,124090,Helen,Automotive,91,18.2,109.2,28/01/2019,2019,1,Jan
147085,204933,696318,Steve,Outdoors,424,84.8,508.8,18/01/2018,2018,1,Jan
546388,615414,980671,Adele,Sports,239,47.8,286.8,07/01/2018,2018,1,Jan
766505,904851,375683,Helen,Automotive,258,51.6,309.6,17/01/2019,2019,1,Jan
387114,547403,10741,John,Computers,479,95.8,574.8,16/01/2018,2018,1,Jan
907021,677084,108828,Joe,Automotive,456,91.2,547.2,11/01/2018,2018,1,Jan
72400,833532,78850,Steve,Home,30,6,36,15/01/2018,2018,1,Jan
719456,609947,573123,Laura,Electronics,183,36.6,219.6,22/01/2018,2018,1,Jan
537462,219352,720653,Joe,Clothing,481,96.2,577.2,29/01/2019,2019,1,Jan
99793,369536,366246,Adele,Movies,303,60.6,363.6,31/01/2018,2018,1,Jan
352612,606824,785054,Laura,Automotive,211,42.2,253.2,29/01/2019,2019,1,Jan
589259,908501,27807,Helen,Clothing,408,81.6,489.6,28/01/2019,2019,1,Jan
320063,881736,275125,Helen,Automotive,315,63,378,05/01/2018,2018,1,Jan
117067,185575,256499,Laura,Clothing,224,44.8,268.8,07/01/2018,2018,1,Jan
481316,38055,904613,Joe,Movies,385,77,462,17/01/2019,2019,1,Jan
606482,141644,133272,Steve,Automotive,339,67.8,406.8,25/01/2019,2019,1,Jan
632061,771901,122475,John,Outdoors,206,41.2,247.2,20/01/2019,2019,1,Jan
708222,98560,555849,John,Music,412,82.4,494.4,05/01/2018,2018,1,Jan
643848,13694,98622,John,Clothing,425,85,510,04/01/2019,2019,1,Jan
164495,663410,888578,Joe,Automotive,81,16.2,97.2,25/01/2018,2018,1,Jan
829715,269272,263049,Laura,Books,404,80.8,484.8,04/01/2019,2019,1,Jan
215751,270391,970490,Helen,Clothing,86,17.2,103.2,16/01/2018,2018,1,Jan
